source,target
1142,7609
1142,11098
1142,7651
1143,8543
1143,319
1143,12704
1145,16400
1145,12493
1145,11347
1145,853
1145,7863
1145,8494
1146,8290
1146,13118
1146,5154
1147,14228
1150,4879
1150,2285
1150,6774
1150,7258
1150,9539
1150,1249
1150,14126
1150,3026
1150,4893
1150,4954
1150,8236
1150,6638
1150,1084
1150,13111
1150,2617
1150,3593
1150,2475
1150,11282
1150,4687
1150,6899
1150,3061
1150,2935
1150,3541
1152,735
1153,15406
1153,4241
1153,11025
1156,5644
1156,14118
1157,9404
1157,9949
1157,2138
1157,14092
1157,2667
1157,7701
1157,15020
1157,1578
1157,5587
1157,3847
1157,15305
1157,14899
1157,12618
1157,11463
1157,11712
1157,2369
1157,15356
1157,10046
1160,1741
1161,2532
1161,9721
1161,411
1162,13938
1163,10750
1163,12187
1163,16323
1164,4579
1164,16356
1165,7124
1165,15378
1165,8218
1165,5234
1165,11675
1165,5503
1165,4572
1165,1047
1165,2470
1165,15104
1165,15706
1165,1927
1165,14922
1165,9657
1165,4477
1165,1395
1165,5774
1166,9953
1167,5325
1167,9875
1167,9991
1167,3336
1167,14208
1168,1193
1168,1814
1169,2805
1169,10109
1170,1738
1170,15522
1170,2186
1171,5118
1171,5615
1171,13166
1171,2422
1172,3591
1175,7260
1176,5958
1176,3147
1176,10255
1177,12079
1177,5420
1177,3453
1177,6336
1177,4101
1178,11555
1178,11153
1178,3363
1179,4704
1179,4895
1179,12137
1180,11981
1181,15794
1181,10438
1185,16836
1185,11617
1185,11898
1185,1860
1187,12527
1187,4733
1187,10112
1187,1225
1187,1571
1187,4718
1187,13232
1187,13594
1187,14489
1187,15575
1187,6269
1189,6623
1192,5296
1192,8008
1192,738
1192,12306
1192,7895
1192,4301
1192,13043
1192,4411
1192,2940
1192,11881
1192,122
1192,9601
1192,14257
1193,7237
1193,2057
1193,3220
1193,6932
1193,1061
1193,7103
1193,1159
1193,1110
1193,8685
1193,2753
1193,13495
1193,4668
1193,13048
1193,13963
1193,13910
1193,704
1193,1814
1193,6494
1193,6364
1193,4502
1193,16586
1193,13687
1193,3384
1193,11386
1193,4661
1193,8479
1193,16184
1193,2628
1193,15867
1193,5385
1193,11346
1193,10622
1193,9630
1193,7886
1193,5418
1193,16290
1193,15485
1193,3686
1193,11582
1193,8549
1193,7992
1193,4987
1193,15701
1193,5044
1193,12749
1193,13717
1193,12912
1193,4223
1193,14831
1193,7744
1193,11615
1193,10436
1193,11843
1193,9696
1193,2609
1193,6476
1193,10424
1193,174
1193,8879
1193,13364
1193,4427
1193,13689
1193,7574
1193,2317
1193,7611
1194,418
1194,9258
1194,10733
1195,12165
1195,6595
1195,8429
1195,10751
1195,11525
1195,3621
1195,1828
1195,2345
1196,6750
1197,834
1197,2749
1197,3916
1197,8446
1197,161
1197,10306
1199,11732
1199,12945
1199,10235
1202,16370
1202,12383
1203,152
1204,13041
1204,1865
1205,4232
1205,4806
1205,8193
1206,4938
1209,12453
1211,14076
1211,7526
1211,9893
1211,4380
1211,3018
1211,4962
1211,8345
1211,11773
1211,2007
1211,5646
1211,13408
1211,4024
1211,7964
1211,13616
1211,12250
1211,772
1211,14145
1212,12546
1212,2792
1213,14707
1215,1763
1215,2015
1215,10188
1215,5927
1215,13136
1215,15714
1215,898
1215,9068
1216,584
1216,3472
1216,14999
1216,6283
1216,12557
1217,15182
1222,16176
1223,7528
1223,16859
1224,6921
1224,2481
1226,2034
1226,13671
1226,12814
1226,11879
1226,13896
1226,13022
1226,5594
1226,15759
1226,15227
1226,11267
1226,10820
1229,15176
1229,13697
1229,7486
1231,9216
1231,1125
1233,1806
1233,12565
1234,14293
1234,8292
1234,2458
1234,8557
1234,12648
1234,14515
1236,11399
1236,7992
1236,5044
1236,11497
1236,9620
1236,2119
1236,10666
1237,16740
1238,4834
1239,5294
1240,11387
1241,479
1242,12283
1242,2966
1243,4169
1243,12842
1243,2113
1243,3392
1245,5227
1245,12924
1245,365
1245,2597
1245,13364
1245,10852
1245,13808
1245,1529
1245,13398
1245,16696
1245,8906
1245,8093
1245,11915
1245,12082
1245,12810
1245,3820
1247,7157
1249,9855
1249,11282
1249,15344
1249,2980
1249,3001
1249,9539
1249,16350
1249,10544
1249,11809
1249,3661
1249,16172
1249,11240
1249,2454
1249,2617
1249,8236
1249,2475
1249,10611
1249,11351
1250,6804
1252,104
1255,2061
1255,1809
1255,1683
1255,13698
1255,3688
1255,12800
1255,12532
1255,11288
1255,2681
1255,3112
1255,9980
1255,722
1255,15827
1255,7919
1255,7338
1255,1227
1255,14307
1256,16324
1256,3439
1256,2151
1256,15414
1256,6730
1256,10491
1256,7044
1256,3832
1256,10419
1257,6788
1257,7656
1258,13876
1259,16218
1259,11536
1260,6845
1260,13623
1260,4150
1260,14494
1262,12213
1262,9933
1262,7168
1262,11092
1262,13190
1262,11824
1262,10389
1262,4591
1262,11069
1262,1027
1263,7543
1263,13748
1264,6339
1264,5888
1264,16627
1264,2027
1264,3264
1264,15348
1264,7590
1264,5427
1264,11547
1264,825
1264,4940
1264,2773
1265,8738
1267,5096
1267,14899
1267,3771
1267,6833
1267,6081
1267,8236
1267,14813
1267,10284
1268,7047
1269,4012
1269,15316
1269,1899
1269,6677
1269,11955
1271,10088
1271,379
1271,15159
1271,965
1271,5987
1273,5961
1274,13964
1274,9850
1274,6305
1274,700
1276,866
1276,10051
1276,5909
1276,6235
1276,11846
1277,16095
1277,7085
1277,15731
1277,12922
1278,2586
1278,5075
1278,3645
1278,5805
1280,10591
1280,14600
1280,12499
1280,6742
1280,7027
1280,4820
1282,9810
1283,1544
1283,1075
1284,6921
1285,6668
1286,5420
1286,3453
1286,6336
1286,1177
1286,4101
1286,12079
1287,12374
1288,16386
1288,6266
1288,3270
1288,12760
1288,6267
1288,5263
1288,9329
1288,15790
1288,10838
1288,3698
1288,5902
1288,14290
1288,11595
1288,4053
1288,5342
1288,8648
1289,6020
1289,13458
1290,11984
1290,1709
1291,8011
1291,4341
1291,5680
1291,4119
1292,575
1292,3223
1292,4618
1294,11344
1294,8841
1295,7941
1295,7125
1295,363
1297,5156
1299,14659
1299,6830
1299,4680
1300,15646
1304,6267
1304,6271
1304,892
1304,11069
1304,13647
1304,7589
1304,2804
1304,9879
1304,8968
1304,16409
1304,7505
1304,3862
1304,16251
1304,7522
1304,4761
1304,4932
1304,2245
1304,15724
1304,8003
1305,5122
1307,12940
1307,15311
1307,9174
1308,8935
1308,14103
1308,881
1311,5727
1313,13720
1313,4844
1313,734
1313,7077
1313,13876
1313,4749
1314,4694
1314,9008
1315,7255
1315,9019
1315,10028
1315,9959
1316,14486
1316,8034
1316,11564
1316,16677
1316,7712
1318,6275
1318,3364
1318,7427
1319,988
1319,13701
1320,3666
1321,3239
1321,16471
1321,16720
1324,8884
1324,10881
1325,12977
1325,3505
1325,12870
1326,9092
1327,2426
1328,977
1328,4746
1329,14646
1329,3640
1330,5617
1330,5044
1330,5191
1330,10636
1330,6916
1332,3674
1332,10066
1332,16433
1332,8351
1332,13853
1332,4194
1333,7113
1333,7785
1333,13165
1334,16536
1334,10043
1335,14673
1335,4358
1339,3919
1339,2631
1339,7385
1340,13878
1340,16676
1343,5205
1343,8678
1343,4065
1343,13218
1344,15570
1344,16859
1344,15714
1344,1223
1344,5976
1344,12230
1349,6944
1350,4689
1350,16070
1350,771
1350,11908
1351,2229
1352,6637
1352,8883
1352,4310
1353,4993
1355,13647
1356,6582
1358,11311
1359,13981
1359,13905
1359,7123
1359,10506
1359,12438
1359,8356
1360,12574
1360,10730
1362,8498
1363,14877
1363,9040
1364,6879
1364,14008
1364,8268
1364,4479
1364,12416
1366,5896
1367,14920
1367,6776
1368,3431
1368,2935
1369,10289
1369,16259
1369,6222
1370,15766
1370,7879
1372,8438
1372,8078
1373,1464
1373,319
1373,1601
1373,545
1374,12498
1374,15275
1376,10753
1376,5428
1376,529
1377,11330
1377,15933
1377,4614
1377,3740
1377,3610
1377,7368
1377,15748
1377,10194
1378,9326
1378,14258
1379,5318
1379,2850
1379,15842
1379,8122
1379,6626
1380,5553
1381,14679
1382,7202
1382,11199
1382,14529
1382,4503
1382,1276
1383,8232
1383,2402
1383,7680
1383,11730
1383,10767
1384,13892
1385,11539
1386,14396
1387,1313
1387,4749
1387,9771
1387,8877
1387,13720
1387,4844
1387,734
1387,7077
1387,13876
1387,11136
1389,3419
1389,14129
1389,4585
1389,13189
1389,9908
1391,16729
1391,7561
1392,1183
1394,6326
1395,1927
1395,9657
1395,14159
1395,1047
1398,9221
1398,2277
1398,6453
1399,8939
1400,5980
1400,13340
1401,4536
1401,12791
1401,13832
1401,7933
1403,2373
1403,15128
1403,7106
1403,7041
1403,13193
1403,13360
1403,10811
1403,4548
1403,2922
1404,5451
1405,5897
1405,6442
1405,7605
1405,9066
1405,11795
1405,6351
1406,10992
1406,4263
1407,9600
1408,11524
1408,3612
1408,10516
1408,9466
1409,2949
1410,4886
1410,12709
1410,15291
1410,3699
1410,14259
1410,1915
1410,4277
1410,7770
1410,8522
1410,3045
1410,14739
1410,57
1410,14658
1410,2444
1410,10804
1410,16740
1410,11670
1410,16049
1410,12536
1410,1237
1410,8011
1410,13382
1410,16005
1410,6808
1410,4161
1410,3035
1410,12728
1410,9215
1410,10549
1410,13615
1410,16628
1410,8313
1410,13737
1410,4182
1413,8384
1413,9999
1414,10449
1415,9505
1416,8702
1417,3955
1419,16552
1419,8831
1421,10853
1421,16562
1421,11896
1421,10420
1421,14202
1421,10779
1421,4168
1422,1357
1422,3342
1423,15357
1423,6356
1423,11687
1423,5804
1424,1413
1424,13247
1425,14533
1426,16459
1426,13016
1426,12123
1427,2700
1427,2298
1427,12789
1428,16704
1429,8214
1429,9602
1429,11701
1429,16702
1429,16377
1429,3399
1429,6046
1430,16498
1430,9290
1430,4549
1430,14736
1430,15391
1431,13973
1431,1564
1431,11450
1431,5970
1431,16525
1432,13547
1432,6948
1432,8603
1432,114
1432,16809
1432,11715
1432,526
1432,8219
1432,15400
1432,14620
1433,5403
1433,13759
1433,1149
1434,2135
1436,2417
1436,5280
1436,1076
1438,6557
1438,10245
1438,1094
1438,13707
1438,7482
1438,12703
1438,9621
1439,12290
1439,12234
1439,6559
1439,6780
1440,8736
1441,7207
1441,9789
1441,788
1441,6554
1441,12964
1441,6312
1441,9569
1441,4316
1445,10678
1445,13758
1445,10100
1447,1630
1447,14877
1447,9040
1450,15049
1450,242
1451,15088
1452,5710
1452,13892
1453,11012
1455,12985
1455,13893
1455,12158
1455,2262
1456,9571
1456,14399
1456,10199
1456,13383
1456,12452
1456,12009
1459,11105
1459,5281
1462,11974
1462,14910
1462,2509
1463,8112
1464,319
1465,11580
1465,4229
1466,639
1466,10947
1467,15848
1467,9022
1468,13728
1468,7292
1468,14607
1468,9110
1468,16364
1468,560
1468,12709
1468,629
1468,4896
1468,9015
1469,5341
1469,186
1469,7497
1469,5448
1470,10692
1470,13612
1470,8746
1470,15269
1470,12281
1470,6089
1470,7488
1471,12030
1471,16409
1471,14238
1471,9380
1471,3461
1471,15423
1471,6515
1471,9902
1471,10171
1471,10362
1471,15396
1474,2132
1474,2222
1474,1141
1474,14600
1475,13338
1475,4125
1475,16279
1475,5184
1475,13995
1475,8539
1476,4518
1476,2591
1476,11996
1476,2051
1476,4625
1476,10354
1476,13428
1476,10440
1476,12966
1477,7724
1477,7383
1478,15091
1478,10159
1478,15653
1478,16191
1479,15580
1479,7368
1481,12185
1482,10844
1484,10236
1484,2832
1484,16392
1484,987
1484,861
1484,16178
1484,16735
1484,13719
1484,10072
1484,3611
1484,8661
1484,8011
1484,6409
1484,13704
1485,10761
1485,5138
1485,7427
1485,15551
1485,16263
1485,12807
1485,9843
1485,11051
1485,9433
1485,6852
1485,16062
1486,12326
1486,10535
1486,11682
1487,14679
1487,124
1491,7795
1491,12325
1491,4543
1491,343
1491,694
1491,2662
1491,13702
1492,14448
1492,16002
1494,16469
1494,283
1495,14323
1495,2621
1495,12011
1495,11771
1495,10125
1496,8982
1496,11889
1496,12243
1496,2261
1496,5591
1496,9035
1496,769
1496,16183
1496,12276
1496,12748
1496,4482
1496,8617
1496,6336
1496,4002
1496,12142
1496,14964
1496,2006
1496,1392
1496,2010
1496,13399
1496,3039
1496,3978
1496,12545
1496,13944
1496,4991
1496,7223
1496,1055
1496,9809
1496,3690
1496,3511
1496,3918
1496,16002
1496,15189
1496,267
1496,4402
1496,11530
1496,9066
1496,7033
1496,6098
1496,166
1496,3069
1496,8684
1496,10030
1496,3057
1496,325
1496,5135
1496,14808
1496,15784
1496,1183
1496,12568
1496,4944
1496,9917
1498,6770
1498,9405
1498,10695
1498,3958
1498,100
1498,9606
1498,13945
1498,15251
1499,1388
1501,4433
1502,9819
1502,14850
1503,5425
1504,11510
1505,14533
1505,4828
1505,15628
1505,328
1506,15803
1506,8210
1507,4759
1507,15572
1507,15658
1509,3492
1509,3124
1510,1055
1510,5861
1510,4829
1510,4402
1510,10030
1510,325
1510,4944
1510,2529
1510,9917
1510,8018
1510,8982
1510,16183
1510,12276
1510,11605
1510,14964
1510,3039
1511,15222
1511,11148
1511,5704
1511,11227
1511,8019
1511,7568
1511,9906
1511,4600
1511,5596
1511,16237
1511,12057
1511,5698
1511,3771
1511,3584
1511,7235
1511,12472
1511,8691
1511,8317
1511,14343
1511,8456
1511,15791
1511,6464
1512,2581
1514,15555
1515,8868
1516,12183
1516,12045
1516,8586
1516,2064
1516,3700
1516,8686
1517,7789
1518,2216
1518,1828
1518,4638
1519,15998
1519,1147
1519,14228
1519,469
1519,7630
1520,7539
1521,16735
1521,6156
1523,14533
1523,15273
1523,705
1523,2710
1523,2283
1523,16352
1523,15535
1523,6602
1523,8192
1523,11388
1523,11506
1523,13840
1523,15772
1523,1875
1524,11784
1524,14850
1524,4478
1524,16131
1524,1502
1524,2616
1524,9647
1524,9326
1524,1731
1524,10538
1524,129
1524,9371
1524,14897
1524,15869
1524,12710
1524,9819
1524,7604
1526,2792
1526,8167
1526,4020
1526,5911
1526,10026
1526,5883
1526,14015
1526,7148
1526,175
1526,11275
1526,14172
1527,16624
1528,2712
1528,996
1528,9259
1528,3840
1528,2689
1528,11075
1530,16043
1531,3951
1531,1910
1531,5753
1533,5143
1533,2838
1533,10413
1533,14195
1533,15191
1534,2671
1534,6600
1534,10151
1534,11127
1534,5675
1534,13242
1535,10946
1535,6077
1536,1338
1536,16246
1537,11712
1537,1157
1537,2138
1537,14092
1538,1765
1540,5873
1540,4183
1540,12731
1542,15398
1542,2322
1542,16293
1542,8462
1542,12886
1542,11577
1542,12395
1542,5833
1542,4061
1543,7395
1543,9695
1543,13469
1544,379
1544,611
1544,120
1544,11269
1544,101
1544,1390
1544,5472
1544,6574
1544,7343
1544,10848
1544,8030
1544,9063
1545,909
1545,13868
1545,14202
1545,14609
1548,1735
1548,15710
1548,16682
1548,14637
1548,8770
1548,14987
1548,10393
1548,5254
1550,966
1551,5349
1551,5203
1553,7674
1553,6182
1553,11370
1553,9333
1553,974
1553,2483
1553,12937
1553,5346
1553,10835
1553,15373
1553,10856
1553,342
1553,15789
1554,14248
1554,6787
1554,6267
1554,7609
1554,3885
1554,12099
1554,4288
1554,3219
1554,9505
1554,16015
1554,1415
1554,3383
1554,6303
1555,1645
1555,11074
1556,8703
1557,16419
1559,14243
1559,1269
1559,13902
1559,16281
1559,4368
1559,392
1559,6487
1559,14253
1559,12643
1559,2978
1559,7093
1559,3454
1559,954
1559,15364
1559,4012
1559,2349
1559,4508
1559,2687
1559,8302
1560,613
1560,7400
1561,11506
1562,13512
1562,1970
1562,6215
1562,10245
1562,10172
1562,9652
1562,2078
1564,16525
1567,5917
1567,7373
1567,1990
1567,9179
1567,9236
1567,2511
1567,2621
1567,4016
1567,7818
1567,14462
1567,15572
1567,15682
1567,11258
1567,3932
1567,6225
1567,5908
1568,2869
1571,4733
1571,13232
1572,15365
1572,3961
1572,10411
1573,11773
1574,5587
1574,5982
1574,4633
1574,10273
1575,10075
1579,16686
1580,4000
1580,16073
1580,1347
1580,9126
1580,5321
1581,8038
1581,8674
1582,7797
1583,6209
1584,12201
1586,13319
1586,14836
1586,875
1586,4105
1587,9216
1587,1125
1587,3357
1587,16207
1587,3135
1587,8665
1587,11760
1587,10044
1587,6703
1589,10437
1589,9392
1589,15451
1589,7051
1589,12008
1589,13314
1589,5581
1589,5277
1589,6326
1589,4102
1590,15760
1591,7820
1591,14762
1591,5866
1591,6839
1591,15244
1592,1539
1592,8184
1592,11434
1593,15405
1594,12632
1595,16297
1597,15804
1597,10385
1599,6067
1599,10309
1600,15760
1600,15712
1601,1464
1602,9581
1602,6743
1602,5739
1602,2015
1602,7801
1602,14782
1602,1763
1602,10188
1602,15482
1602,12583
1602,15222
1602,11148
1602,13323
1602,1215
1602,898
1602,11340
1602,2460
1602,3082
1602,15036
1602,11816
1602,14821
1602,1009
1602,9068
1602,8133
1602,8804
1603,14303
1603,15962
1603,8733
1603,16552
1603,3245
1603,11487
1603,14835
1606,14036
1606,11537
1606,14905
1606,5545
1606,6192
1608,6560
1608,7158
1608,3191
1608,329
1608,7286
1608,10295
1608,11247
1610,16604
1610,15080
1610,12352
1610,10219
1610,640
1610,2064
1611,14811
1611,13559
1611,6765
1611,1765
1611,13561
1611,13134
1611,15883
1611,14542
1612,1826
1612,16363
1613,14487
1613,12983
1613,15272
1613,9027
1613,2912
1613,15468
1613,16192
1613,13224
1613,15493
1613,15981
1613,6800
1613,608
1613,8581
1613,13050
1613,6500
1613,11790
1613,14677
1613,12534
1613,4862
1613,11953
1613,5956
1613,12250
1613,15507
1613,6115
1613,3594
1613,15304
1614,13407
1614,5674
1615,142
1615,6611
1615,10239
1616,11203
1616,12960
1616,67
1616,5475
1616,14953
1616,11225
1616,16141
1616,1109
1616,15889
1616,11701
1616,2809
1616,16593
1616,8441
1617,2463
1617,2581
1617,14787
1617,14474
1617,968
1617,7014
1617,6169
1617,12443
1617,12126
1617,15257
1617,4413
1617,13895
1617,13712
1617,7951
1618,16093
1618,15949
1619,1639
1619,16862
1619,10992
1619,10809
1619,2731
1620,6062
1621,1956
1621,10471
1621,10228
1621,5699
1622,12154
1622,7458
1622,3087
1622,14745
1622,15221
1622,12904
1622,5777
1622,11685
1622,12250
1622,1773
1625,6983
1625,685
1625,8972
1625,12249
1625,7456
1625,8583
1625,8961
1625,12406
1625,4014
1625,3136
1627,12224
1630,1363
1630,9040
1630,14877
1631,4361
1631,11847
1631,3219
1631,243
1631,418
1631,552
1631,6787
1631,1554
1631,16216
1631,10853
1631,12447
1631,15196
1632,10057
1632,14213
1632,15673
1632,14067
1632,2274
1633,5100
1633,3207
1635,9653
1635,2795
1636,674
1638,16579
1638,8212
1639,11252
1639,10809
1639,1934
1639,16816
1639,10294
1639,1890
1639,14202
1639,5192
1639,12015
1639,9384
1639,5660
1639,12210
1639,16240
1640,3579
1640,8930
1640,9349
1640,2075
1640,4523
1640,11736
1640,6256
1640,9509
1640,2369
1640,4711
1640,5195
1640,1301
1640,5278
1640,4258
1640,6982
1641,12916
1641,14687
1641,16208
1641,3678
1642,4947
1642,14937
1642,14197
1642,1959
1642,7688
1642,16666
1642,14869
1642,16111
1643,15924
1643,3926
1644,10372
1644,2093
1646,9258
1647,10662
1647,14614
1647,1404
1647,3393
1647,6333
1647,5451
1647,11253
1647,5683
1647,9444
1647,8566
1647,926
1647,2708
1647,8567
1647,15683
1647,10263
1648,10232
1648,6020
1648,11308
1648,15553
1650,9479
1650,14185
1650,9599
1652,9604
1652,5055
1652,9944
1652,11225
1653,6771
1654,10903
1654,2074
1656,3751
1656,13603
1656,4758
1657,8984
1657,13742
1660,13184
1661,3725
1661,193
1662,14656
1662,10725
1663,8248
1663,344
1663,4041
1663,207
1663,3001
1663,10194
1663,3559
1663,7377
1665,12128
1665,338
1665,3542
1665,14679
1665,12000
1665,10805
1666,8236
1666,3935
1666,11750
1666,6477
1666,4432
1666,11064
1666,3038
1666,13553
1666,6336
1666,3978
1666,8207
1666,3511
1667,16756
1667,4155
1669,8227
1669,1591
1670,15204
1672,813
1672,721
1672,15229
1673,1446
1673,3766
1673,4836
1675,2709
1676,7865
1676,15750
1676,11025
1676,8476
1676,15986
1676,16589
1676,10836
1676,11365
1676,8019
1676,131
1678,464
1678,14305
1678,15415
1678,5673
1678,14887
1678,14391
1678,7593
1678,9427
1678,12440
1678,3370
1678,12929
1678,14601
1678,14105
1678,16614
1679,3382
1681,10701
1681,14471
1681,12768
1681,10048
1681,8236
1681,3178
1681,9042
1684,4039
1684,1681
1684,10029
1684,3117
1684,13063
1685,7911
1685,13182
1686,16343
1686,15479
1686,6648
1686,13662
1686,10654
1689,5818
1689,11112
1689,10101
1689,11313
1690,16755
1691,12125
1691,15179
1691,8077
1692,2549
1693,1043
1693,593
1694,15712
1695,4351
1695,5868
1695,4092
1697,16041
1697,311
1697,3243
1698,4551
1698,953
1698,4104
1698,9398
1699,9953
1700,13992
1700,6828
1700,12043
1700,2923
1700,10735
1701,15237
1701,11022
1702,8277
1703,2946
1703,10928
1703,12677
1703,2317
1703,3427
1703,13495
1703,6494
1704,8862
1704,3168
1706,9441
1708,2476
1708,142
1709,8288
1709,11984
1711,7008
1712,13003
1712,10458
1712,1116
1712,7634
1712,9956
1713,8115
1713,3183
1713,5721
1713,13223
1713,15639
1713,4365
1713,15644
1713,14754
1713,11725
1713,3394
1713,10973
1714,8967
1715,14919
1716,4811
1716,9979
1716,12077
1716,8731
1716,3573
1716,5924
1718,5267
1718,11639
1718,3821
1718,12941
1718,5722
1719,15550
1721,9971
1722,4545
1722,11612
1723,11695
1723,14039
1726,5549
1726,10295
1726,10971
1726,8032
1726,11948
1728,10279
1728,15025
1728,12517
1728,15567
1728,8057
1728,6883
1729,7311
1729,13276
1729,848
1733,11630
1734,7673
1735,15710
1736,7609
1736,6267
1736,13602
1737,6521
1737,1761
1737,6754
1737,9520
1737,1063
1737,12083
1737,5748
1739,7
1739,15475
1741,1508
1742,1375
1743,12291
1746,14309
1746,8639
1746,369
1747,14684
1747,3938
1747,4859
1747,7072
1748,4443
1748,8038
1748,8718
1752,6791
1753,6644
1753,12870
1753,4874
1754,14054
1754,2656
1755,2141
1755,14172
1755,16177
1755,16365
1755,7562
1755,15272
1755,131
1755,3754
1755,3685
1756,13909
1757,15437
1757,5732
1758,14690
1758,13093
1758,4506
1758,11468
1758,437
1760,4826
1760,12160
1761,6754
1761,1063
1761,9520
1761,6521
1761,12083
1762,1294
1762,12476
1762,11195
1762,8727
1762,8841
1762,10644
1762,7729
1762,11344
1762,13312
1762,7852
1763,713
1763,2015
1763,7801
1763,2460
1763,3082
1763,3570
1765,743
1765,14455
1765,14764
1765,10345
1765,4535
1766,14055
1766,8322
1769,575
1769,15698
1770,14317
1770,14297
1770,12073
1770,4486
1770,170
1770,10872
1771,8350
1771,13580
1771,4531
1772,12907
1772,14542
1772,13866
1773,8036
1773,14998
1774,5387
1774,3285
1774,10222
1774,9177
1774,1155
1774,13154
1774,2095
1774,7784
1774,8366
1775,7336
1777,3205
1777,5259
1777,2292
1778,776
1780,1577
1780,4647
1782,15113
1783,12584
1783,16032
1783,13784
1783,1184
1783,5734
1783,5657
1783,8808
1783,15338
1783,13208
1783,16676
1783,3173
1783,1547
1783,4353
1783,12774
1783,13079
1783,10225
1783,11408
1783,6928
1784,8637
1785,10752
1785,5625
1785,8314
1787,6775
1787,11242
1787,16142
1788,12511
1788,496
1788,1449
1789,989
1790,12938
1790,4843
1790,6734
1790,12451
1790,12001
1790,6337
1790,2133
1793,2392
1793,319
1794,12449
1795,16835
1795,15473
1795,9191
1795,4475
1795,9041
1795,9993
1795,6370
1795,7542
1795,12401
1795,6908
1795,3883
1795,16752
1795,8486
1795,1550
1795,416
1795,15810
1795,3348
1796,8581
1796,608
1796,11790
1796,5956
1797,4104
1798,3817
1798,207
1798,3704
1798,9250
1798,7971
1798,3304
1798,9810
1799,12358
1800,13121
1800,12804
1800,12915
1802,11899
1802,16288
1802,2920
1802,13289
1803,15099
1803,532
1803,2907
1803,16036
1804,15857
1805,7810
1806,12565
1807,11275
1807,4020
1807,12136
1807,13316
1809,3688
1809,9425
1809,3112
1810,3186
1811,15946
1813,12002
1813,7262
1813,7206
1813,205
1815,13268
1815,13647
1815,16201
1817,946
1818,8121
1818,14794
1819,10042
1819,4003
1820,1206
1820,16407
1820,14578
1820,4938
1821,3201
1822,9797
1822,11644
1824,1584
1824,12201
1824,4366
1825,6462
1827,7593
1827,9427
1827,1678
1827,12929
1827,14601
1827,14305
1827,5673
1827,14391
1827,14887
1828,6997
1828,10685
1828,11868
1828,12165
1828,4525
1828,16528
1828,5782
1828,2216
1828,740
1828,6595
1828,9157
1828,13142
1828,12069
1828,15688
1828,8601
1828,8402
1828,12196
1828,11525
1828,10468
1828,4638
1828,4386
1828,8094
1830,4678
1831,11499
1831,15935
1831,11532
1831,1050
1831,11337
1831,13842
1831,860
1831,6402
1831,4048
1831,15034
1831,11245
1831,13152
1831,5752
1831,7041
1831,6110
1831,117
1831,9095
1831,13104
1831,13259
1831,0
1831,6156
1831,4066
1831,2781
1831,10950
1831,12186
1832,8116
1832,3526
1832,6019
1832,2002
1832,6361
1832,16713
1832,832
1832,4593
1832,6078
1832,5318
1834,1584
1834,2142
1835,4018
1837,15115
1838,13739
1838,14309
1838,6944
1839,7982
1839,12096
1841,10957
1841,12763
1842,5225
1843,15478
1843,202
1843,15218
1843,15678
1843,7038
1843,15231
1843,10287
1843,8714
1843,790
1843,3043
1843,11610
1843,8382
1845,4412
1847,10800
1848,16538
1850,3984
1850,1927
1850,1395
1850,7124
1850,14159
1852,2248
1852,3373
1852,9363
1852,7883
1853,14703
1855,5563
1855,5545
1856,11262
1856,2404
1857,1077
1857,10376
1857,7881
1860,16836
1860,8006
1860,1558
1860,11898
1861,8255
1861,4545
1861,13608
1862,13473
1864,12067
1864,5177
1865,794
1865,13041
1865,9942
1865,2209
1865,2343
1866,3081
1866,5557
1866,2236
1866,12467
1866,6279
1866,3474
1866,1608
1866,9557
1866,2153
1868,2693
1868,7427
1868,3772
1868,9433
1869,11894
1870,5791
1870,7621
1870,9188
1874,10623
1874,1418
1874,11484
1875,15772
1875,14533
1875,5438
1875,2710
1875,6394
1875,16352
1875,15535
1876,7067
1876,600
1877,15830
1877,6020
1877,3044
1877,11957
1878,15350
1878,11996
1878,5642
1879,2165
1879,6525
1880,13970
1880,12134
1882,8115
1882,15800
1882,5721
1882,16065
1882,13223
1882,2623
1882,9210
1882,5750
1882,15602
1882,9597
1882,15639
1882,1713
1882,5775
1882,16416
1882,15644
1882,13335
1882,1995
1882,3394
1882,14754
1882,8395
1882,10973
1882,15767
1882,2890
1882,10331
1884,11482
1884,3217
1884,8086
1885,15989
1885,9700
1886,10297
1886,13131
1887,6834
1887,1318
1887,3364
1888,7434
1890,874
1890,5660
1891,9046
1892,927
1892,10157
1892,9381
1892,5787
1892,14730
1892,6114
1892,735
1892,7318
1892,4533
1892,6489
1892,15597
1895,8631
1897,10997
1897,8113
1897,11159
1899,6677
1899,11955
1900,675
1900,301
1900,2612
1900,16003
1903,8792
1903,16255
1903,13987
1908,4954
1908,14253
1910,3951
1910,5753
1911,14102
1911,2933
1912,1974
1912,3881
1914,7364
1914,7909
1914,16753
1914,6642
1914,14030
1914,9899
1914,3947
1915,16740
1915,1237
1915,8321
1916,3786
1919,9801
1919,1840
1919,16650
1919,9698
1920,2810
1920,13688
1921,8878
1922,12607
1922,15913
1922,9257
1922,1365
1922,9396
1922,13556
1922,9986
1922,13751
1922,12707
1922,14647
1923,7157
1923,11758
1924,9987
1924,13773
1924,10124
1925,14326
1925,7780
1925,2585
1925,7989
1925,3614
1925,4855
1927,3984
1927,5774
1927,9657
1927,4477
1927,14159
1927,5503
1928,13217
1928,12965
1928,6151
1928,8412
1928,3106
1928,959
1928,8441
1928,65
1928,5339
1928,12252
1929,15421
1929,9084
1931,12157
1931,2142
1931,16792
1932,15890
1935,10934
1937,4453
1937,11597
1937,9304
1937,14033
1937,3613
1938,2835
1938,5911
1939,4347
1940,15179
1940,6771
1940,6040
1940,1653
1940,16071
1940,14791
1940,5493
1940,14532
1941,15488
1941,15932
1941,4068
1942,8158
1942,3556
1942,12950
1942,69
1942,4676
1943,4487
1943,8244
1943,14994
1943,15994
1943,15779
1943,8131
1943,8241
1943,7009
1943,7981
1943,14889
1943,1927
1943,3716
1943,5493
1943,16345
1943,16085
1943,4115
1943,16427
1943,5774
1943,11629
1943,9556
1943,1603
1943,6812
1945,7898
1945,5264
1945,2105
1946,10935
1946,4751
1946,13013
1947,6996
1949,7666
1949,4531
1949,8350
1949,13580
1950,14734
1950,3054
1950,9153
1952,12370
1952,2750
1952,12102
1954,10003
1954,940
1954,13805
1954,4470
1954,14477
1954,13827
1954,3479
1955,6956
1956,10228
1956,12981
1956,11693
1956,12511
1957,14765
1957,2194
1957,4398
1957,7525
1957,5895
1957,14141
1957,9506
1958,6390
1963,16859
1963,372
1963,3304
1963,7354
1963,3817
1963,8676
1963,11824
1963,12121
1964,5817
1965,3841
1965,8559
1965,2147
1965,13829
1966,6170
1966,409
1966,15734
1966,10755
1966,13151
1968,3936
1968,12366
1968,11928
1970,2860
1971,16610
1971,2533
1972,8969
1973,5911
1973,5883
1973,11275
1973,3615
1973,1526
1973,16379
1974,3881
1976,10689
1976,3907
1976,830
1976,14626
1976,1365
1977,10211
1977,5068
1977,2207
1978,2138
1978,2220
1978,10547
1979,8376
1979,3884
1979,4933
1979,11696
1980,13704
1980,2324
1980,3907
1980,15178
1980,99
1981,3181
1981,16477
1981,8000
1981,10786
1981,5567
1982,428
1982,15384
1983,11660
1984,2208
1985,11353
1985,2056
1988,7463
1988,13198
1988,7514
1990,15572
1991,14320
1992,6627
1992,5246
1992,9154
1992,776
1993,10856
1993,6999
1993,2836
1994,648
1994,4389
1995,16416
1996,14066
1997,3268
1997,10053
1998,11986
1999,2671
1999,3810
1999,14138
1999,10956
2001,4552
2001,4797
2002,351
2002,4978
2002,8764
2002,8882
2002,11880
2002,6274
2003,6743
2003,14167
2003,481
2004,16041
2004,7271
2005,7738
2006,10030
2006,325
2006,4944
2006,8018
2006,2529
2006,9917
2006,8982
2006,16183
2006,12276
2006,14964
2006,3039
2006,1510
2006,1055
2006,5861
2006,3345
2006,15189
2006,4829
2006,4402
2007,5984
2007,6769
2007,11575
2007,2305
2007,14076
2007,13946
2007,2659
2007,9893
2007,11613
2007,8291
2007,9438
2007,5096
2007,457
2007,13546
2007,13408
2008,15421
2008,7290
2008,5554
2009,16675
2009,2559
2009,9899
2010,3039
2010,1055
2010,5861
2010,13944
2010,3511
2010,4991
2010,15843
2010,3690
2010,4402
2010,16002
2010,3345
2010,15189
2010,267
2010,7033
2010,9066
2010,6098
2010,166
2010,3069
2010,10030
2010,325
2010,8018
2010,8022
2010,12568
2010,2529
2010,9917
2010,8982
2010,16183
2010,12243
2010,2261
2010,9035
2010,769
2010,12276
2010,11605
2010,9605
2010,12748
2010,6336
2010,4002
2010,1510
2010,12545
2010,14964
2010,2006
2011,13395
2011,16538
2011,8398
2011,4304
2011,5113
2011,12575
2011,14117
2013,10700
2013,3991
2016,12445
2016,7741
2017,2701
2017,4097
2017,13267
2017,8087
2017,3924
2018,1927
2018,1395
2020,15413
2020,14100
2020,14264
2020,2396
2021,14766
2021,12721
2021,14498
2021,6265
2021,8969
2021,11222
2021,16569
2021,12251
2021,16053
2021,12280
2021,6446
2024,1073
2024,677
2024,15880
2025,2347
2025,2389
2026,14524
2026,8634
2026,1804
2026,15857
2026,8140
2027,6780
2027,9846
2027,6333
2027,3922
2027,9444
2027,12290
2027,1072
2027,5427
2027,926
2027,14608
2027,825
2027,2500
2027,2708
2027,6339
2027,2773
2027,1647
2027,16638
2027,6559
2027,10662
2027,12334
2028,1511
2029,3714
2030,2860
2030,1970
2031,16330
2032,1997
2032,14228
2032,12813
2032,10053
2032,4176
2033,4851
2034,12665
2034,12722
2034,15361
2035,2748
2035,7042
2036,15821
2036,10479
2036,12984
2036,10516
2036,10744
2038,14258
2043,12022
2043,1398
2043,9221
2043,6453
2043,11566
2044,1741
2044,131
2044,9321
2044,14916
2046,14285
2047,11283
2047,6020
2048,11904
2051,4518
2052,9851
2053,207
2053,3117
2054,2207
2054,4973
2054,3876
2054,819
2054,13013
2054,15941
2055,1250
2055,13160
2056,11353
2056,2132
2056,2759
2056,14339
2056,8098
2056,10404
2056,14052
2057,2952
2057,13963
2057,14679
2057,11843
2057,853
2058,10846
2058,4678
2058,14803
2058,1830
2059,888
2059,1396
2061,1227
2061,14307
2061,8977
2061,1809
2061,10852
2061,13698
2061,3688
2061,2757
2061,13398
2061,6084
2061,3112
2061,7178
2061,1893
2061,16453
2061,8045
2061,7338
2062,5357
2063,16618
2064,12352
2065,5833
2066,12208
2066,1696
2066,6583
2066,6567
2068,12866
2068,13733
2071,121
2072,4120
2072,8635
2072,5855
2072,4953
2077,11653
2077,2440
2077,10768
2077,15132
2077,2975
2079,812
2080,2450
2081,1597
2081,10771
2082,13245
2082,6703
2082,9216
2082,2487
2082,1125
2082,3357
2082,646
2082,16207
2082,8665
2082,13821
2082,7397
2082,11760
2082,1587
2082,10044
2082,3185
2083,13768
2084,12926
2084,4963
2084,9383
2084,13067
2085,16020
2085,3735
2085,14274
2085,12335
2085,16641
2085,4488
2087,11423
2087,5647
2087,11112
2089,4958
2090,1865
2090,1204
2090,13041
2091,108
2092,15836
2092,7895
2092,12185
2092,146
2092,13219
2092,6824
2092,16818
2092,16489
2093,835
2094,10486
2094,12137
2094,16008
2094,15504
2094,13740
2094,8565
2094,14245
2094,15164
2094,13538
2094,9781
2094,5695
2094,6846
2094,2516
2095,11112
2095,1155
2095,13154
2095,2087
2095,11423
2095,5647
2096,7272
2096,10816
2097,15837
2098,11583
2098,6318
2098,15300
2098,616
2098,10066
2099,8217
2099,709
2099,11651
2100,5961
2100,142
2101,10929
2101,4226
2102,13922
2104,2542
2104,14966
2104,11060
2105,5264
2107,3313
2109,9332
2109,7
2110,933
2110,4289
2110,1569
2112,8660
2113,3392
2113,14147
2113,12842
2114,12058
2114,16361
2115,15025
2117,11342
2119,5044
2119,7992
2120,4240
2120,8819
2120,14504
2122,8473
2122,5440
2124,2877
2125,15361
2125,13203
2125,5970
2125,10391
2125,10249
2129,11689
2129,5716
2129,842
2130,14626
2131,11537
2131,6313
2131,6745
2132,2759
2132,2222
2132,3671
2133,1499
2133,13138
2135,1605
2135,13239
2136,10448
2136,9229
2136,9043
2137,3771
2137,1413
2137,6862
2137,7761
2137,14145
2137,4094
2137,15617
2137,13247
2137,5458
2137,3661
2137,5613
2138,14092
2138,57
2138,14744
2138,16708
2138,546
2138,5690
2138,11712
2138,255
2138,2577
2139,1550
2140,9328
2140,822
2140,6451
2140,169
2140,16596
2140,8842
2140,4256
2140,7387
2141,3754
2141,14172
2141,7562
2141,4655
2141,12454
2142,1584
2142,5203
2142,2926
2142,12157
2143,7417
2144,10252
2144,9830
2144,4750
2144,3311
2145,8595
2145,8954
2147,8559
2147,4762
2147,12691
2148,4709
2148,10814
2149,9523
2149,11165
2150,10204
2152,4733
2152,2392
2155,11410
2155,10388
2156,12283
2156,265
2156,14814
2156,1242
2156,1677
2156,2966
2156,2881
2156,10591
2156,15336
2157,11587
2159,7448
2160,3112
2166,10630
2166,15400
2166,8777
2166,7423
2166,8623
2166,9042
2166,207
2168,2430
2169,3981
2169,2775
2169,16328
2169,7468
2169,2752
2169,7826
2170,12958
2170,13024
2170,12337
2170,2307
2170,226
2171,15323
2171,8281
2171,3537
2171,9539
2172,14103
2173,5098
2174,9468
2174,12378
2176,8829
2176,9651
2177,14055
2177,10941
2177,14557
2178,13433
2180,7766
2181,16253
2181,14366
2182,8126
2182,7012
2182,8359
2182,960
2182,14878
2183,1402
2183,3763
2183,14705
2187,5620
2187,5328
2189,8935
2190,11381
2192,16239
2192,2054
2192,3876
2192,2803
2193,464
2193,14105
2193,582
2193,6958
2193,11016
2193,7938
2193,201
2193,510
2193,12440
2193,5581
2195,12366
2195,14046
2195,11928
2195,1968
2195,3936
2196,16317
2196,2603
2196,10719
2196,15745
2196,9707
2196,7284
2196,12582
2196,4355
2196,1033
2197,4763
2197,5255
2199,7130
2199,9936
2199,15962
2200,11381
2200,14167
2201,5927
2201,11709
2201,13136
2201,1215
2202,16063
2203,10052
2203,8975
2203,1348
2203,1271
2204,3794
2204,16233
2204,12517
2204,8057
2205,14173
2205,7616
2206,2304
2207,5068
2209,9942
2210,13727
2210,14692
2211,6356
2211,1257
2211,6788
2211,9033
2211,7656
2212,10228
2212,7795
2214,2228
2215,15941
2215,12245
2215,4841
2215,7960
2215,4581
2215,2223
2215,4585
2215,2040
2215,10847
2215,16393
2215,9924
2215,7326
2215,2207
2215,11986
2215,13600
2215,16239
2215,6294
2215,10787
2215,11572
2215,1102
2215,4973
2215,16760
2215,11641
2215,2192
2215,4424
2215,6067
2215,14207
2215,3286
2215,5514
2215,2054
2215,1977
2215,9633
2215,14122
2215,2713
2215,2453
2215,3876
2215,2803
2215,5068
2215,3970
2215,10309
2215,10935
2215,2966
2215,819
2215,13013
2215,4751
2215,10712
2215,9354
2215,1946
2215,10163
2215,15937
2216,13142
2217,11193
2217,2313
2220,2138
2221,13671
2221,323
2222,12798
2222,12425
2222,14600
2222,7912
2222,14052
2222,973
2222,10740
2224,9059
2224,2375
2224,10918
2225,4001
2225,2672
2225,16831
2225,11225
2226,9825
2227,9797
2227,11644
2230,3886
2230,5671
2230,11884
2230,952
2231,8614
2232,10069
2232,10992
2234,8791
2234,12186
2234,1156
2235,12015
2237,412
2237,13018
2237,7478
2244,6129
2245,10251
2247,2883
2247,1955
2248,2078
2248,1562
2248,3258
2248,7883
2249,5554
2249,1929
2249,15421
2251,1676
2254,12325
2254,15733
2255,4142
2256,11383
2256,2991
2257,13556
2260,6061
2260,14291
2261,3069
2261,4944
2261,8018
2261,8022
2261,2529
2261,9917
2261,8982
2261,16183
2261,11605
2261,4002
2261,12276
2261,1510
2261,14964
2261,2006
2261,13399
2261,3039
2261,1055
2261,5861
2261,3511
2261,15843
2261,4402
2261,16002
2261,3345
2261,15189
2261,4829
2261,10030
2262,9562
2262,13893
2262,8624
2262,5404
2262,12985
2263,8887
2263,15982
2263,1908
2263,4954
2263,14253
2263,836
2264,14919
2265,13664
2265,8575
2266,4548
2266,10318
2266,8334
2266,9168
2266,7839
2266,15240
2266,322
2268,12866
2270,5356
2270,1042
2270,5239
2271,989
2271,4457
2271,4701
2272,3659
2272,7427
2273,3934
2273,1119
2273,4868
2274,15350
2274,12830
2275,323
2275,12826
2275,5540
2275,7943
2275,6281
2275,2695
2275,11978
2275,15174
2275,15166
2275,3521
2275,4871
2275,16447
2275,3485
2275,7368
2278,8668
2278,12036
2278,10166
2278,12663
2278,3027
2278,13599
2278,5414
2278,6516
2278,14099
2278,13282
2278,5366
2278,7318
2278,7298
2279,11694
2279,108
2281,7210
2281,9735
2281,6268
2281,10489
2281,8289
2281,12953
2281,499
2281,2980
2281,1122
2281,240
2281,8270
2281,13414
2281,3001
2281,7754
2281,5957
2282,8162
2282,15256
2285,3061
2287,4144
2287,7292
2287,7217
2287,16203
2287,1468
2288,6521
2288,4863
2289,12542
2290,7695
2290,10340
2292,16101
2292,3205
2292,11500
2292,1576
2292,7732
2293,9164
2293,15038
2294,4425
2295,2818
2295,10410
2295,14899
2295,12484
2295,2588
2295,11298
2295,7773
2295,13852
2295,2667
2296,3721
2296,14494
2296,2752
2298,15425
2298,2700
2299,970
2300,14341
2300,13761
2301,1654
2301,13919
2301,10903
2302,14533
2303,15466
2305,9438
2307,7451
2307,12958
2307,226
2309,2655
2309,14264
2309,3633
2310,2982
2311,13809
2311,15212
2311,222
2311,8205
2311,7160
2311,5359
2311,5099
2312,8219
2313,10718
2313,2949
2314,9549
2314,15868
2314,15161
2314,3407
2314,3054
2314,8092
2314,2965
2314,14777
2315,401
2315,1664
2319,16431
2319,11064
2319,6336
2319,3978
2319,4706
2319,3511
2319,3935
2319,11030
2320,7425
2320,15996
2321,12021
2321,14117
2321,15602
2321,12280
2323,12279
2324,7961
2324,15390
2324,16704
2324,99
2324,13704
2324,14351
2324,16392
2324,9293
2325,7774
2326,11649
2326,1687
2327,14451
2327,843
2327,1315
2327,11545
2327,13237
2327,13766
2329,11211
2329,11911
2329,1093
2329,11214
2329,7311
2329,13276
2329,1729
2330,3134
2330,3862
2330,13368
2330,5660
2331,15430
2331,5213
2331,3413
2331,9850
2333,4096
2333,3423
2335,14874
2336,7956
2338,8151
2338,7509
2341,8611
2341,10027
2341,4148
2343,2209
2345,15688
2345,15745
2345,8402
2345,11525
2345,12818
2345,3621
2345,1828
2345,7687
2345,8094
2345,10123
2345,6854
2345,4386
2345,11868
2345,12165
2345,4525
2345,16349
2345,4436
2345,12519
2345,740
2345,6595
2345,8429
2345,9157
2345,5705
2345,15996
2345,12166
2345,8763
2345,3799
2345,12069
2345,15025
2345,15436
2348,16646
2349,517
2349,13902
2349,1782
2349,15364
2349,11181
2349,15113
2350,15751
2351,11185
2351,13984
2352,14074
2352,14652
2352,346
2352,11605
2352,3815
2354,6626
2354,16691
2355,8038
2355,13768
2355,14874
2355,5002
2357,10438
2357,1181
2357,15794
2358,15208
2360,5807
2360,4104
2360,14127
2360,2584
2360,4374
2363,252
2363,4989
2363,12072
2363,9604
2363,9043
2363,7478
2363,12882
2363,13468
2363,2815
2363,6280
2363,9610
2363,11225
2363,4626
2363,7395
2363,3191
2363,4118
2365,11802
2365,8468
2366,4313
2367,7398
2369,4186
2369,13026
2369,5325
2369,15962
2369,10429
2369,14621
2369,6059
2369,3408
2369,8596
2369,3543
2369,14899
2369,18
2369,14981
2370,7318
2370,5502
2370,6114
2370,14750
2370,2467
2371,578
2372,5130
2373,13193
2374,13574
2374,12464
2374,4788
2374,10883
2375,9059
2375,10918
2379,14015
2379,1627
2380,13892
2381,15826
2381,15830
2381,6020
2381,1877
2381,11107
2383,12744
2383,6534
2384,1628
2384,1310
2385,6390
2385,3709
2385,4336
2387,13350
2389,12177
2389,12555
2389,7152
2389,2347
2391,4274
2391,13952
2391,2779
2391,3867
2391,5587
2391,846
2392,10116
2392,4733
2392,319
2393,5850
2393,8957
2393,5665
2394,5169
2395,6646
2397,12110
2397,8012
2399,3306
2402,7680
2402,8232
2404,11262
2404,9661
2404,11812
2405,10991
2405,10661
2406,9775
2407,1767
2410,6323
2410,11020
2412,5943
2413,12607
2414,7218
2414,13766
2414,10133
2415,735
2416,11697
2416,13107
2417,11684
2417,5280
2417,1076
2417,4935
2417,15674
2418,4655
2418,7075
2418,15067
2419,8883
2420,13760
2421,12250
2422,5615
2422,13166
2425,13007
2425,8081
2425,6764
2428,4803
2429,8660
2430,14544
2430,1871
2430,7576
2430,12000
2432,4323
2433,11189
2434,2763
2434,11200
2434,11445
2434,12795
2434,7644
2437,1071
2437,6426
2437,5639
2437,6620
2437,7104
2437,7454
2438,8113
2438,1897
2438,11159
2438,10997
2439,13169
2441,1665
2442,266
2442,7971
2443,11435
2443,16095
2445,14317
2446,1250
2448,16232
2448,13744
2448,4982
2449,5999
2449,11798
2450,12425
2450,5131
2450,14861
2450,3981
2450,15008
2450,14488
2450,12806
2450,13485
2452,6841
2453,12437
2453,14206
2453,11767
2454,9855
2454,11809
2455,6458
2455,16359
2457,4274
2457,9610
2457,12266
2458,16054
2458,8557
2458,12648
2458,8944
2458,11173
2459,4176
2459,1147
2459,6571
2459,14951
2459,12813
2459,14151
2459,13460
2459,469
2459,4027
2459,14501
2459,10053
2459,7516
2459,7630
2459,12497
2459,1519
2459,8529
2459,13042
2459,15998
2459,3036
2459,2032
2459,10851
2459,7932
2459,4667
2459,5363
2460,14383
2460,13140
2460,8198
2461,7159
2461,16553
2461,6860
2462,14729
2462,6876
2462,11321
2463,11050
2463,3618
2463,16849
2463,2936
2463,12174
2463,1936
2463,4514
2463,3400
2463,12126
2463,4775
2463,7491
2463,7739
2463,15571
2463,6553
2463,8655
2466,13685
2467,6114
2470,1927
2470,5774
2470,9657
2470,4477
2470,1395
2470,8218
2470,5503
2471,10336
2471,16586
2471,5418
2472,756
2472,4802
2472,12812
2472,3115
2472,4758
2472,310
2472,14171
2472,12325
2472,11870
2472,13867
2472,16701
2472,10741
2472,8818
2472,1544
2473,4948
2473,2049
2473,573
2473,13174
2473,6153
2473,2990
2473,3596
2473,5756
2473,11721
2477,15051
2477,10868
2477,2704
2477,8075
2477,5794
2477,10706
2477,2579
2478,7955
2481,6921
2482,13253
2482,12954
2483,535
2483,14344
2483,15373
2483,10856
2484,5676
2484,13911
2487,3185
2491,16261
2492,9882
2492,425
2492,6703
2492,105
2492,12068
2492,14394
2493,5168
2497,4345
2497,1833
2498,14992
2500,825
2500,6339
2500,2773
2501,13433
2502,13035
2502,12352
2502,11662
2503,10747
2504,1139
2504,8358
2504,3622
2505,240
2508,4918
2508,161
2508,10306
2508,15844
2508,6944
2508,5338
2508,13739
2508,5847
2508,3916
2508,15610
2508,13825
2508,9857
2508,5486
2508,8446
2508,9532
2509,7276
2509,14910
2510,1659
2510,5791
2510,7581
2511,11258
2511,14462
2511,15682
2511,9002
2511,142
2511,12958
2511,6225
2511,785
2511,5026
2511,14618
2511,4966
2511,3738
2511,8491
2511,1990
2511,9886
2511,14371
2511,16404
2511,6902
2511,226
2511,8423
2511,13782
2511,4016
2511,7647
2511,5179
2511,15572
2512,14631
2512,11533
2513,15770
2513,7557
2513,3810
2514,1375
2515,2740
2515,12503
2515,9292
2519,4793
2519,11320
2519,10940
2520,16342
2520,5706
2520,4520
2520,4964
2520,15959
2524,15826
2524,2381
2524,11107
2525,10806
2525,12961
2525,13547
2525,16841
2525,6429
2525,5303
2525,5898
2526,13556
2529,14964
2529,3039
2529,1055
2529,5861
2529,3345
2529,15189
2529,4829
2529,10030
2529,325
2529,4944
2529,8018
2529,9917
2529,8982
2529,11605
2529,12276
2530,3013
2532,13343
2532,1930
2532,7399
2532,11965
2532,9721
2532,15751
2532,3830
2532,6575
2532,7043
2532,15480
2532,13736
2532,16042
2532,7878
2533,16610
2535,13165
2535,5364
2535,2299
2535,970
2536,9803
2537,7062
2537,14275
2537,5005
2537,1826
2538,14103
2538,1263
2538,7543
2538,13748
2540,9794
2540,12230
2540,5627
2540,12344
2540,2655
2540,9365
2540,7528
2541,883
2541,3474
2543,3637
2543,938
2543,13929
2544,1253
2544,13651
2544,11481
2544,5557
2544,14128
2544,13885
2544,7026
2544,11584
2547,1613
2547,3594
2548,9635
2548,8441
2548,65
2548,1928
2548,12252
2551,1009
2551,8019
2551,8511
2551,15714
2551,11148
2551,1602
2553,6534
2555,553
2555,10596
2555,5608
2555,11387
2555,8313
2556,9477
2558,13977
2559,16675
2559,9899
2561,3587
2562,11839
2562,13266
2562,10534
2562,10335
2562,12909
2562,8744
2563,6957
2564,13249
2564,14273
2565,14015
2565,9291
2565,12280
2565,1526
2565,16672
2566,4773
2566,2626
2566,8111
2566,73
2566,1122
2566,16272
2566,16577
2566,13305
2566,15891
2566,4840
2566,8236
2566,13798
2566,7179
2566,1812
2566,8419
2566,9566
2566,1247
2566,7761
2566,2768
2566,13482
2568,16347
2568,626
2569,14402
2570,6249
2571,10498
2574,13585
2574,1274
2574,13964
2574,9850
2574,6305
2574,36
2574,700
2575,8060
2575,6296
2576,7975
2576,9492
2576,5874
2578,2039
2578,837
2578,3754
2580,6975
2585,14326
2585,7989
2585,3614
2585,4855
2586,5075
2586,5800
2587,16751
2587,16747
2587,6213
2587,16280
2588,14899
2588,12484
2591,10597
2591,14525
2591,7504
2591,76
2591,10440
2591,5789
2593,13396
2594,4719
2594,946
2594,1817
2594,9827
2594,11410
2594,2550
2594,432
2594,7442
2595,374
2595,2826
2596,14197
2597,13808
2597,11915
2597,12082
2597,14664
2597,365
2598,8413
2598,1595
2598,486
2598,14217
2598,4365
2599,6669
2599,7487
2599,13453
2599,1178
2599,658
2599,15324
2599,4822
2599,15723
2599,789
2600,13429
2600,2318
2602,8011
2603,1033
2605,6052
2605,3515
2605,726
2605,12620
2605,14780
2606,4864
2607,5816
2607,12005
2607,14441
2607,12087
2607,1244
2607,14796
2607,12447
2609,7574
2609,6932
2609,14679
2610,11510
2610,1256
2610,14202
2610,11161
2610,8807
2610,2151
2610,12519
2610,16073
2610,5526
2610,8287
2610,10491
2610,3681
2610,1347
2610,3803
2610,6597
2610,10419
2610,8911
2610,2308
2610,5321
2611,11752
2611,6540
2613,11267
2614,2574
2614,13585
2615,16584
2615,13909
2616,1438
2616,6557
2616,9326
2616,1094
2616,14297
2619,12745
2620,8525
2621,1990
2621,9886
2621,2511
2621,4016
2621,4130
2621,11258
2621,14462
2621,15572
2621,15682
2621,6225
2621,12011
2621,11771
2621,10125
2622,14253
2622,8298
2623,2828
2623,13335
2623,14974
2624,14197
2624,16348
2624,14937
2624,1959
2624,1642
2624,7688
2624,14869
2624,16111
2625,12404
2626,7157
2627,12319
2627,7200
2627,11730
2627,7680
2627,16113
2627,1383
2627,802
2627,15334
2627,16058
2627,1336
2627,8232
2627,2402
2628,16586
2628,10228
2628,2212
2628,7795
2629,2860
2629,14910
2630,14731
2630,5644
2632,7582
2633,181
2633,14388
2635,194
2635,3577
2635,15161
2635,4664
2635,14475
2635,14058
2635,12188
2636,5010
2636,5020
2637,8117
2637,6515
2638,7708
2639,3585
2641,5622
2641,10002
2641,13032
2642,3268
2642,7249
2645,9476
2646,10040
2646,6419
2646,16210
2646,4700
2648,653
2648,5644
2649,1967
2650,7775
2650,5332
2650,14889
2652,3540
2654,5581
2655,1991
2655,16214
2655,14320
2655,9365
2655,3295
2656,14054
2656,9072
2657,14359
2658,13854
2659,13946
2660,7567
2660,4270
2660,11097
2660,5624
2661,452
2661,12651
2661,4065
2661,15442
2661,3074
2662,12325
2662,9703
2663,6774
2663,7856
2664,4371
2666,647
2666,11012
2666,7082
2666,797
2667,2818
2667,11418
2667,5950
2667,8719
2667,3543
2667,14899
2667,18
2667,14981
2667,2588
2667,2259
2667,7256
2667,13828
2667,9103
2667,9949
2668,10235
2668,5911
2669,790
2669,8382
2669,15218
2669,10287
2669,7038
2669,15231
2669,8714
2669,1843
2671,14138
2672,6009
2672,4001
2672,3546
2672,16831
2673,8011
2673,9215
2673,10549
2673,15587
2673,1410
2674,8831
2676,4059
2676,8662
2676,13342
2676,16432
2676,2905
2676,12314
2676,9281
2676,9794
2676,14283
2676,12230
2676,7425
2676,11186
2676,5262
2679,7016
2679,12051
2679,13263
2679,673
2681,1013
2681,16298
2681,3296
2681,5931
2681,5065
2685,4658
2685,14612
2685,530
2685,11537
2686,14510
2686,877
2686,4988
2686,2790
2688,9022
2688,1297
2688,5156
2688,4083
2688,1083
2688,6064
2688,4077
2689,2712
2689,9259
2691,6042
2692,7470
2693,3772
2694,12496
2694,11225
2694,3766
2694,15049
2696,8273
2696,6261
2696,10330
2698,497
2698,9926
2698,14679
2698,1487
2701,2430
2701,8087
2702,12794
2702,16304
2702,13950
2702,14989
2703,4394
2703,7314
2703,3704
2703,11597
2704,6461
2704,10706
2704,10814
2704,10868
2705,989
2705,14574
2705,6871
2711,4806
2711,5644
2711,16789
2711,12696
2712,9259
2713,4706
2715,9092
2715,9019
2715,9755
2715,12856
2717,5618
2717,9339
2717,11824
2718,9671
2720,15400
2721,1391
2721,7177
2721,7561
2722,560
2723,12374
2723,6162
2723,7882
2723,1287
2723,6504
2723,15994
2723,8236
2723,3056
2723,4687
2723,3496
2723,11466
2723,8376
2723,4115
2723,16301
2723,12040
2723,15171
2723,6702
2723,6812
2724,2600
2724,9558
2724,13429
2724,6961
2724,2318
2724,15447
2724,16630
2724,7922
2725,4996
2725,11713
2725,805
2725,6587
2725,6006
2727,15994
2727,2634
2727,7002
2727,12463
2727,5474
2727,15131
2727,9057
2729,10078
2729,14816
2730,4954
2730,3519
2730,649
2731,10992
2731,9469
2731,1009
2732,6967
2732,7126
2732,16063
2732,6408
2732,9051
2732,10194
2733,7276
2734,6423
2734,14507
2734,10670
2735,2935
2735,6357
2735,1368
2735,7248
2735,3431
2736,7333
2737,9544
2740,16565
2740,8959
2742,3271
2742,11761
2743,10888
2743,2390
2743,12543
2743,15862
2743,461
2743,11541
2743,10919
2743,16640
2743,10566
2744,9196
2744,9944
2745,520
2746,16199
2746,8886
2746,1174
2750,3323
2751,1845
2751,3432
2751,15924
2752,1970
2752,6277
2753,8879
2754,14466
2754,16387
2756,15960
2758,4644
2758,436
2758,9337
2758,10923
2759,14052
2759,9048
2759,5696
2760,2848
2763,11445
2763,12795
2763,7644
2763,11060
2763,9024
2763,11200
2764,1640
2765,14576
2766,5624
2766,5377
2767,15820
2767,15962
2769,7672
2770,6433
2770,13786
2770,10371
2770,14803
2770,1012
2773,825
2774,16409
2776,15805
2776,10435
2777,16406
2778,18
2780,12044
2780,9654
2783,367
2783,12789
2783,656
2784,2426
2785,13008
2785,14167
2785,5527
2785,3427
2785,1703
2785,3533
2785,7392
2785,6494
2786,10701
2786,14593
2786,10694
2788,15203
2788,769
2788,9678
2788,8313
2789,5602
2792,9491
2792,14172
2792,13526
2792,8014
2792,14211
2793,10813
2793,2886
2793,16483
2793,11271
2796,6702
2797,2988
2799,12736
2799,5824
2799,6996
2799,1947
2800,13318
2800,3749
2801,10045
2801,5293
2801,2138
2801,4293
2801,2577
2801,4818
2801,14671
2801,4685
2801,9150
2801,11712
2802,1781
2803,16239
2804,5380
2804,892
2804,12030
2804,16409
2805,5203
2805,8831
2805,5932
2805,2927
2805,610
2805,3205
2805,6613
2806,522
2806,13688
2807,8313
2807,11387
2807,13628
2807,13100
2808,16412
2808,16823
2808,14742
2808,15930
2808,13678
2808,3075
2808,6674
2810,3629
2810,12684
2810,9242
2810,13187
2811,6075
2811,3554
2812,9694
2812,12346
2812,677
2815,15776
2816,11005
2817,2200
2817,562
2818,14899
2818,8719
2819,16380
2819,77
2819,6055
2820,10256
2820,16270
2820,3024
2820,9246
2821,6558
2822,15950
2822,4945
2822,15944
2823,279
2823,1724
2824,7393
2824,4029
2824,14036
2825,2621
2825,14323
2825,1495
2825,12011
2825,11771
2825,10125
2826,2088
2826,2358
2826,374
2826,664
2826,15208
2829,1317
2829,6877
2831,619
2831,5783
2831,11906
2831,4767
2831,14359
2831,3690
2831,6081
2831,3377
2831,1267
2831,6033
2831,4647
2831,11978
2831,947
2831,11230
2831,11047
2831,4749
2832,9293
2833,5796
2833,13717
2833,9408
2833,10996
2834,13844
2835,4144
2835,4896
2835,16777
2836,10635
2836,4608
2836,2014
2838,16319
2838,7195
2840,2705
2840,14574
2840,989
2841,5517
2843,3590
2843,13727
2843,624
2843,1275
2845,1708
2845,3738
2845,15161
2845,142
2846,10709
2847,10853
2847,11896
2847,13758
2848,218
2848,686
2848,2447
2848,10547
2849,1959
2849,14442
2849,9693
2849,13881
2849,2891
2849,16798
2849,7243
2849,16111
2851,2994
2854,4065
2855,8730
2855,464
2855,10194
2855,11296
2855,14252
2855,13329
2855,4795
2855,12000
2855,15025
2855,9459
2855,258
2855,9480
2855,5581
2855,4065
2855,4630
2855,14629
2855,6404
2856,4703
2856,14492
2856,4653
2856,7072
2859,1647
2859,1404
2859,3393
2859,5451
2859,926
2861,10194
2861,7336
2861,5430
2861,6952
2861,6391
2861,3610
2863,4665
2863,5210
2864,13778
2864,227
2865,16676
2865,9452
2866,14496
2867,8384
2867,3771
2868,13101
2868,371
2868,14549
2868,4429
2868,750
2869,1484
2869,1915
2869,9270
2869,16024
2869,1403
2869,7803
2869,16565
2869,16740
2869,5331
2869,8661
2869,3912
2869,993
2869,4644
2869,1237
2869,13923
2869,3567
2869,14098
2869,14879
2869,16546
2869,10923
2869,10444
2869,15128
2869,7297
2869,2922
2869,6850
2869,7041
2869,1410
2870,16859
2870,10362
2870,7630
2870,11197
2870,3599
2870,5380
2870,15037
2871,6683
2872,9416
2872,1460
2872,15480
2872,3002
2873,12656
2873,808
2874,7460
2875,14200
2875,6968
2877,9579
2879,9089
2880,6513
2880,14176
2883,1955
2883,6956
2884,1347
2884,11882
2884,986
2884,1580
2884,5321
2884,10981
2884,4573
2884,9062
2884,3752
2884,11055
2884,14202
2884,2610
2884,14804
2884,3159
2884,16073
2884,9905
2884,6502
2885,1009
2885,12573
2885,8785
2885,7801
2885,7444
2885,1602
2885,13686
2889,2368
2890,10331
2892,2949
2892,1409
2892,9571
2894,5649
2894,15262
2894,14958
2894,768
2895,15193
2895,12632
2895,1594
2896,13647
2897,3645
2898,13411
2898,1112
2898,15373
2898,10856
2899,11946
2899,8641
2899,5125
2899,10053
2899,16823
2899,14742
2899,10359
2900,6436
2900,4727
2902,6102
2903,5772
2903,7107
2903,2382
2903,16296
2903,13080
2903,11047
2903,10649
2903,1826
2903,684
2903,14761
2903,10496
2903,10301
2903,10399
2904,2656
2906,13394
2907,2716
2907,10100
2907,9759
2907,12585
2907,6267
2907,3746
2907,12302
2907,13758
2907,9440
2907,13909
2910,2345
2910,16349
2910,12519
2910,8763
2910,15025
2911,9375
2911,3261
2911,503
2912,15507
2912,3449
2914,7635
2914,6343
2914,13354
2915,2745
2915,2505
2915,10194
2915,12479
2915,5612
2915,8271
2915,11548
2915,4632
2915,8987
2915,5096
2915,13968
2915,10134
2915,6512
2915,1226
2915,13896
2915,6415
2915,7452
2915,12750
2915,520
2915,5594
2915,15991
2915,12181
2915,13999
2915,14064
2915,240
2915,11466
2915,11389
2915,13247
2915,7262
2915,11267
2916,15049
2917,7538
2917,4181
2917,16802
2918,14871
2918,13938
2918,8600
2919,4976
2919,8253
2919,15645
2920,16288
2920,13289
2920,11899
2921,15828
2921,14847
2922,7041
2924,9219
2924,15985
2924,11872
2925,104
2925,10363
2925,10539
2925,16330
2926,12157
2928,12965
2928,11225
2928,6424
2928,9604
2928,15219
2928,16659
2929,10280
2933,14102
2934,5232
2934,10730
2934,797
2934,11012
2934,12874
2934,8337
2934,14192
2934,12574
2934,8740
2934,3133
2936,895
2937,14000
2938,4758
2938,1656
2938,13603
2939,9922
2939,5539
2939,632
2939,8020
2939,5093
2939,719
2939,4700
2939,15833
2941,6765
2941,15751
2941,1765
2941,15565
2941,10361
2941,14419
2941,2409
2941,13989
2942,2316
2942,15869
2942,5327
2942,586
2944,2400
2945,3728
2945,15219
2945,5896
2945,13691
2945,16733
2945,12631
2945,6593
2946,1001
2946,14167
2946,1193
2946,10928
2947,2810
2947,9251
2947,522
2947,15672
2947,13688
2947,3048
2951,3090
2951,5030
2951,6267
2951,5313
2952,853
2952,4427
2952,12059
2952,13963
2952,14679
2953,4586
2955,7288
2955,10939
2955,11972
2955,9289
2955,6264
2955,4952
2955,4262
2957,12342
2957,515
2961,11901
2961,2575
2961,10159
2961,14396
2963,1050
2964,13553
2966,2223
2966,15882
2966,554
2966,10211
2966,1677
2967,13293
2967,11335
2968,455
2968,8091
2968,10836
2968,2932
2968,10438
2968,11491
2968,12248
2968,1181
2968,15794
2968,2357
2969,15423
2969,5441
2970,14924
2970,11926
2972,10111
2972,4972
2972,5628
2972,2368
2973,12663
2974,11836
2974,12869
2974,6600
2975,11653
2976,14417
2976,776
2977,10705
2978,2349
2979,9004
2979,2526
2980,12000
2980,14204
2980,4210
2980,4011
2980,6268
2980,5654
2980,12953
2980,12900
2980,16153
2980,10489
2980,11351
2980,5911
2980,207
2980,45
2980,3001
2980,11645
2980,7754
2980,6449
2980,2184
2980,15622
2980,7974
2980,9735
2980,4722
2981,13697
2982,14287
2984,2822
2984,4945
2984,8361
2984,15944
2984,15950
2985,2053
2985,207
2987,8215
2987,9294
2987,7766
2987,4583
2987,14573
2987,13231
2987,8519
2990,5756
2990,2049
2990,573
2990,6153
2991,8579
2991,1907
2991,7344
2991,10459
2991,16822
2991,8788
2991,13769
2991,13639
2991,13135
2991,5105
2991,3666
2991,14648
2991,10741
2991,14185
2991,7529
2991,15161
2991,15726
2991,9599
2991,10351
2991,142
2991,4151
2991,9579
2992,9609
2992,3768
2994,4747
2996,641
2997,12144
2997,13222
2997,8880
2997,2604
3000,16009
3000,5458
3000,3661
3000,14383
3000,7761
3000,6517
3000,2517
3000,12089
3001,2184
3001,9735
3001,12000
3001,3848
3001,16664
3001,13969
3001,10489
3001,5911
3001,3484
3001,207
3001,1122
3001,7754
3001,9474
3001,7128
3002,9416
3002,5041
3003,2616
3003,14297
3005,12638
3006,8896
3006,12446
3006,11259
3006,16606
3006,8084
3006,16668
3006,12489
3007,3581
3007,6224
3008,12870
3008,16600
3008,4497
3009,14077
3009,5382
3011,10781
3011,10871
3011,11738
3012,10028
3013,12624
3013,8809
3016,1221
3019,14502
3019,15906
3019,1705
3019,5658
3019,16693
3020,8624
3025,14992
3026,2617
3026,3593
3026,2285
3027,13599
3028,14774
3028,9960
3028,2666
3028,797
3028,647
3029,14889
3029,6351
3030,3752
3030,9905
3030,15911
3030,2884
3030,986
3030,4573
3031,8287
3031,13329
3031,15025
3031,5230
3031,12859
3031,11180
3031,2610
3031,8323
3032,9540
3034,5389
3034,1954
3034,13040
3034,940
3034,4470
3035,12728
3035,12709
3035,3045
3035,8011
3037,10475
3037,15168
3037,7244
3039,15189
3039,4829
3039,325
3039,4944
3041,788
3042,87
3042,9012
3043,790
3043,11610
3044,6020
3045,8011
3045,12728
3045,8313
3045,12709
3046,15777
3046,9475
3046,2494
3046,7586
3046,14986
3047,15700
3048,522
3048,13688
3048,9251
3049,4504
3050,8461
3051,15007
3051,10235
3051,13663
3052,10228
3053,16768
3053,12556
3053,12223
3053,15229
3054,951
3054,14511
3054,9592
3054,6543
3054,4734
3054,3962
3054,13253
3054,3686
3054,9720
3054,3963
3054,9013
3054,5801
3054,14734
3054,1020
3056,2839
3056,16779
3056,14324
3056,8376
3057,10140
3057,13934
3057,14642
3057,8666
3059,1803
3059,14322
3059,9102
3059,5321
3059,532
3059,14202
3059,2907
3059,16036
3059,12015
3059,16073
3059,12963
3059,1347
3059,2884
3059,11882
3060,16796
3063,8731
3063,4561
3063,7599
3064,16392
3064,14600
3064,4371
3064,2664
3065,1198
3065,4439
3065,14031
3068,12973
3068,8141
3069,8018
3069,9917
3069,8982
3069,16183
3069,12276
3069,11605
3069,14964
3069,2006
3069,9605
3069,1510
3069,15843
3069,13399
3069,1055
3069,5861
3069,3511
3069,4991
3069,15189
3069,4829
3069,267
3069,4402
3069,3345
3069,10030
3069,8022
3069,325
3072,8991
3072,14936
3072,9671
3072,8824
3073,9881
3073,14798
3073,14172
3073,4564
3073,2792
3073,7005
3075,14742
3075,813
3075,15930
3075,1672
3075,721
3075,8687
3075,6674
3075,8073
3075,15229
3075,16823
3076,14232
3076,35
3080,6084
3080,5043
3080,674
3080,15966
3080,13398
3082,13323
3082,3570
3083,4826
3083,16841
3083,4871
3083,15520
3083,11206
3083,10698
3083,2713
3083,15980
3083,11886
3083,1933
3083,4706
3083,7418
3083,7219
3083,677
3083,5764
3083,8225
3083,9782
3085,16338
3085,3585
3085,13807
3086,12090
3086,12513
3088,14864
3088,12715
3088,12829
3088,2046
3088,14285
3088,8162
3089,8439
3089,5085
3089,16552
3089,14747
3089,15020
3089,5644
3089,103
3089,91
3090,5030
3090,6267
3090,5313
3091,6167
3091,12405
3091,2842
3091,12816
3091,5522
3091,16122
3091,14179
3091,15606
3091,14960
3091,14920
3093,11741
3093,308
3094,13348
3095,7069
3095,2590
3095,12641
3095,10836
3096,6353
3096,13528
3097,11225
3097,16206
3097,15889
3097,8758
3097,11531
3097,8986
3097,5083
3097,2986
3097,10582
3097,8671
3097,9944
3097,4073
3099,2794
3099,8336
3099,2014
3099,10866
3099,2836
3100,12883
3101,14127
3101,16660
3101,5520
3102,4734
3103,10402
3103,16367
3103,11244
3103,4141
3103,11356
3104,13610
3104,514
3104,11692
3104,1889
3104,7798
3104,6082
3104,10441
3104,9449
3104,13747
3104,5729
3105,8468
3105,10119
3107,14236
3107,7259
3109,14631
3109,11533
3109,2512
3112,1227
3113,7008
3114,12048
3114,14711
3116,13981
3116,8356
3117,733
3117,4039
3117,5328
3117,13094
3117,14436
3117,10029
3117,10148
3117,2187
3117,207
3117,15158
3118,3789
3119,4624
3121,15832
3121,8505
3121,6310
3121,3302
3121,9324
3121,4998
3121,7267
3121,16749
3121,16811
3121,13111
3121,12786
3121,519
3121,6858
3124,7169
3124,4681
3124,15509
3124,7227
3124,11578
3124,8578
3124,7720
3124,9969
3124,4700
3124,11364
3127,9534
3128,16584
3128,13909
3128,5257
3128,4777
3128,7771
3129,6224
3130,6332
3132,12854
3132,15741
3133,5349
3134,12453
3134,13368
3134,4294
3136,8972
3136,7456
3136,8583
3136,6983
3137,4692
3137,15077
3140,146
3140,10828
3141,2632
3141,7582
3141,7005
3142,15892
3142,15383
3143,8118
3143,1092
3143,7797
3143,12526
3143,14982
3143,9847
3143,1582
3143,15760
3143,4710
3143,6735
3143,6780
3145,8562
3145,15760
3147,10255
3148,14749
3148,5987
3148,16014
3148,12254
3148,13515
3149,8411
3149,2748
3150,5755
3150,3450
3151,13474
3151,14317
3152,2366
3152,12755
3152,7278
3153,10551
3153,3080
3154,14212
3154,7797
3155,11904
3156,5013
3156,6979
3157,6684
3158,848
3158,7236
3158,7427
3158,1729
3159,1580
3160,3036
3160,2459
3161,7903
3161,9330
3162,9087
3163,10699
3163,1445
3165,7414
3165,9907
3165,13579
3167,13436
3167,10725
3167,16149
3167,10469
3167,5480
3167,3118
3167,15475
3167,14544
3167,7185
3167,8905
3169,1187
3169,4733
3169,2392
3169,2152
3169,1571
3169,14489
3170,6354
3170,3679
3170,11754
3170,11942
3170,15191
3170,10548
3170,15358
3170,8011
3170,12065
3170,2494
3170,2738
3170,12968
3170,9496
3170,1970
3170,2645
3172,7775
3172,6023
3172,5332
3172,14889
3172,488
3174,14383
3175,10996
3175,10480
3175,8313
3175,263
3175,23
3175,8502
3175,5396
3176,14662
3176,13235
3176,712
3176,5112
3177,8290
3177,9136
3177,12414
3177,15127
3177,7793
3177,15449
3178,10048
3180,12830
3181,10786
3181,8782
3182,10204
3182,10054
3182,2150
3182,14698
3182,14117
3185,5310
3186,6241
3186,12989
3186,4610
3187,3056
3187,16779
3187,8376
3188,3195
3188,12385
3189,14293
3189,8292
3189,16054
3189,10858
3189,2458
3189,8557
3189,8944
3189,3341
3189,7139
3189,3260
3189,11173
3189,16491
3189,13670
3189,13357
3190,12876
3190,10330
3191,6560
3192,317
3192,15760
3193,5751
3193,7663
3193,507
3196,16195
3197,11761
3197,8493
3197,13134
3197,2742
3197,3271
3199,464
3199,11317
3199,11261
3200,15610
3200,12399
3202,4796
3202,16039
3202,6392
3203,5015
3204,3032
3205,11500
3205,1576
3205,5203
3205,7732
3205,2927
3205,16101
3205,8831
3205,610
3205,6613
3206,2907
3206,4696
3207,5100
3207,1624
3208,8752
3211,7683
3211,13697
3212,7462
3212,8775
3213,6658
3213,5581
3213,458
3213,16588
3213,3313
3213,8319
3213,464
3213,582
3214,10501
3214,13575
3214,15869
3214,13710
3214,14792
3214,838
3214,6088
3214,2250
3215,8431
3215,13746
3215,5932
3215,10124
3216,7974
3220,8047
3220,131
3220,7356
3220,1676
3220,8019
3220,14679
3220,16184
3220,14831
3220,8476
3220,13689
3220,14120
3220,11144
3220,13856
3220,6306
3220,10092
3221,10595
3221,6041
3221,12177
3221,10925
3221,8746
3222,9339
3222,11824
3222,2717
3223,16753
3223,4618
3224,11018
3224,9695
3224,1543
3224,11225
3224,7395
3225,9599
3227,4943
3227,5325
3228,7069
3228,9160
3230,715
3231,15100
3231,10295
3231,15049
3231,13103
3231,11948
3232,1192
3232,15399
3232,8008
3232,16486
3232,2940
3232,122
3232,5587
3233,5189
3233,8584
3233,14724
3233,11585
3233,16306
3233,9134
3233,12651
3233,9850
3233,4804
3233,13636
3233,1898
3233,12425
3233,2789
3233,8425
3233,15219
3233,3981
3233,5815
3234,15964
3234,14240
3234,8436
3235,6900
3236,537
3238,9143
3238,447
3238,6393
3238,16196
3238,9056
3239,3532
3240,7091
3240,146
3242,8562
3242,4305
3242,3925
3243,10065
3243,5916
3243,9023
3246,16055
3246,8017
3246,7547
3248,12462
3248,7131
3248,7562
3249,12621
3251,7449
3252,9027
3254,3112
3254,11769
3255,5965
3257,8064
3260,10858
3260,9846
3260,1072
3260,3341
3260,14608
3260,7139
3260,16638
3260,14293
3261,503
3262,634
3262,1481
3263,1544
3264,6339
3264,2027
3264,7590
3264,5427
3264,2500
3264,825
